Precondition,Action,Expected Result,Actual Result,,,,,
"1-User is already on the log in page.
2-User already has an account.",Verify that when a user leaves email address field emptylog in fails.,,,,,,,
,1-leave email addres field empty,,,,,,,
,2-Password in the password field,,,,,,,
,3-Click on sign in,,,,,,,
,Verify that when a user leaves password field empty log in fails.,,,,,,,
,1-Enter email addres in the email addres field,,,,,,,
,2-leave password field empty ,,,,,,,
,3-Click on sign in,,,,,,,
,Validate that when a user leaves both fields empty log in fails.,,,,,,,
,1-Click on sign in,,,,,,,
,Verify that when a user enters a non registered email log in fails and error message is shown.,,,,,,,
,1-enter non registered email,,,,,,,
,2-Click sign in,,,,,,,
,Verify that when a user enters wrong password credentials doesn't match the database to that email address log in fails.,,,,,,,
,1-Enter email addres in the email addres field,,,,,,,
,2-enter wrong password in the password field ,,,,,,,
,3-Click on sign in,,,,,,,
,,,,,,,,
,,,,,,,,
,,,,,,,,
,,,,,,,,
,,,,,,,,
