Objective,Action,Expected Result,Actual Result,,
Verify that a user can create an account and that invalid registration data is handled correctly.,Verify that sign up fails when the First Name field is left empty.,,,,
Precondition,1-Add valid data in all fields except for the first name field.,,,,
User is already on the sign up page.,2-Click on Create account button,,,,
,Verify that sign up fails when the Last Name field is left empty.,,,,
,1-Add valid data in all fields except for the last name field.,,,,
,2-Click on Create account button,,,,
,Verify that sign up fails when the Email Address field is left empty.,,,,
,1-Add valid data in all fields except for the Email Address field.,,,,
,2-Click on Create account button,,,,
,Verify that sign up fails when the Phone Number field is left empty.,,,,
,1-Add valid data in all fields except for the Phone Number field.,,,,
,2-Click on Create account button,,,,
,Verify that sign up fails when the Enter Password field is left empty.,,,,
,1-Add valid data in all fields except for the Enter Password field.,,,,
,2-Click on Create account button,,,,
,Verify that sign up fails when the Confirm Password field is left empty.,,,,
,1-Add valid data in all fields except for the Confirm Password field.,,,,
,2-Click on Create account button,,,,
,"Verify that sign up fails when the ""I agree to all the Terms and Privacy Policy"" checkbox is not selected.",,,,
,1-Add valid data in all fields.,,,,
,2-Click on Create account button,,,,
,Verify that the user cannot sign up with an already registered email address.,,,,
,1-Add valid data in all fields.,,,,
,2-add an already registered email address in the email address field.,,,,
,,,,,
,,,,,
,,,,,
,,,,,
,,,,,
,,,,,
,,,,,
,,,,,
,,,,,
,,,,,
,,,,,
